month,area,operator,demand_trips,n_fare,avg_fare,n_pay,avg_pay,n_miles,avg_miles,n_minutes,avg_minutes,n_passenger_amount,avg_passenger_amount,median_fare,median_pay
2024-07,CBD core,Lyft,1087939,1087704,28.022081,1087704,21.330701,1087704,5.181155,1087704,21.883628,1087704,37.508287,22.06,16.12
2024-07,CBD core,Uber,3351753,3350507,30.614041,3350501,21.078561,3350507,4.957946,3350507,20.863244,3350507,39.993251,22.94,15.89
2024-07,Outer boroughs (non-airport),Lyft,2811063,2810631,21.872338,2810631,17.024687,2810631,4.358938,2810631,17.57923,2810631,26.218757,17.23,12.77
2024-07,Outer boroughs (non-airport),Uber,8271410,8269556,21.125214,8269537,17.553602,8269556,4.615367,8269556,17.948164,8269556,25.17265,16.8,13.59
2024-08,CBD core,Lyft,1105695,1105461,27.78772,1105461,21.272759,1105461,5.188152,1105461,21.70863,1105461,37.120839,21.91,16.11
2024-08,CBD core,Uber,3202688,3201521,31.058522,3201513,21.170016,3201521,4.967422,3201521,20.894289,3201521,40.439997,23.47,15.88
2024-08,Outer boroughs (non-airport),Lyft,2923004,2922562,21.862721,2922562,17.10385,2922562,4.375777,2922562,17.624025,2922562,26.215071,17.28,12.84
2024-08,Outer boroughs (non-airport),Uber,8265024,8263099,21.814092,8263083,17.881657,8263099,4.633574,8263099,18.188209,8263099,25.939225,17.17,13.85
2024-09,CBD core,Lyft,1056689,1056503,29.391981,1056503,22.486285,1056503,5.12211,1056503,23.122075,1056503,38.924459,22.96,17.18
2024-09,CBD core,Uber,3497292,3496095,34.256408,3496089,23.836845,3496095,5.221794,3496095,23.169112,3496095,44.344524,26.18,18.37
2024-09,Outer boroughs (non-airport),Lyft,2617083,2616755,22.464191,2616755,17.641409,2616755,4.324579,2616755,18.476076,2616755,26.908509,17.76,13.1
2024-09,Outer boroughs (non-airport),Uber,8351346,8349404,22.140673,8349356,18.452283,8349404,4.614186,8349404,19.261778,8349404,26.356628,17.15,14.11
