source_month,raw_rows,missing_pickup,outside_window_or_missing,month_mismatch,demand_rows,economic_rows,invalid_driver_pay,pre_rows,positive_cbd_before_start
2024-07,19182934,0,0,0,19182934,19177421,37,19182934,
2024-08,19128392,0,0,0,19128392,19122613,27,19128392,
2024-09,19209788,0,0,0,19209788,19204696,69,19209788,
2024-10,20028282,0,0,0,20028282,20021890,142,20028282,
2024-11,19987533,0,0,0,19987533,19980826,99,19987533,
2024-12,21068851,0,0,0,21068851,21061634,995,21068851,
2025-01,20405666,0,0,0,20405666,20399121,313,2477942,1184.0
2025-02,19339461,0,0,0,19339461,19335150,238,0,0.0
2025-03,20536879,0,0,0,20536879,20532693,47,0,0.0
2025-04,19753983,0,0,0,19753983,19749790,41,0,0.0
2025-05,21091193,0,0,0,21091193,21086148,50,0,0.0
2025-06,19868009,0,0,0,19868009,19862685,33,0,0.0
